"";"ID_Escola";"Localizacao";"Dep_Adm";"Area_Indigena";"Alunado";"Q6";"Q7";"Q8";"Q9";"Q10";"Q11";"Q12";"Q13";"Q14";"Q15";"Q16";"Q17";"Q18";"Q19";"Q20";"Q21";"Q22";"Q23";"Q24";"Q25";"Q26";"Q27";"Q28";"Q29";"Q30";"Q31";"Q32";"Q33";"Q34";"Q35";"Q36";"Q37";"Q38";"Q39";"Q40";"Q41";"Q42";"Q43";"Q44";"Q45";"Q46";"Q47";"Q48";"Q49";"Q50";"Q51";"Q52";"Q53";"Q54";"Q55";"Q56";"Q57";"Q58";"Q59";"Q60";"Q61";"Q62";"Q63";"Q64";"Q65";"Q66";"Q67";"Q68";"Q69";"Q70";"Q71";"Q72";"Q73";"Q74";"Q75";"Q76";"Q77";"Q78";"Q79";"Q80"
"1";"ID 1";"Urbana";"Pública Municipal";"Não";"Creche, Pré-escola, AEE – Atendimento Educacional Especializado";"Sim";"Sim";"Sim";"Sim";"Intolerância à Lactose";"Não";"Não";NA;"Sim";"Nutricionista";"Totalmente";NA;"Refeitório, Cozinha, Sala da direção da escola, Mural da escola";"Sim, da EEx";"Não";"Não se aplica";"Não se aplica";"Refeitório, Sala de Aula";"Sim";NA;"Não";"Na cozinha da escola visitada";"Merendeira contratada por empresa prestadora de serviços";"Sim";"Sim";"Sim";"Sim";"Sim";"Sim";"Sim";"Sim";"Não se aplica";"Sim";"Sim";"Não";"Parcialmente";"Não";"Sim";"Sim";"Sim";"Sim";"Não";"Sim";"Sim";"Sim";"Não";"Sim";"Sim";NA;"Em depósito localizado na escola";"Sim";"Sim";"Não";"Não";"Não se aplica";"Sim";"Sim";"Sim";"Sim";"Sim";"Freezers, Geladeiras/Congeladores";"Sim";"Sim";"Não";"Não";"Sim";"Sim";"Sim";"Sim";"Não";"Não";"Sim, restritos";"Primeiro que entra é o primeiro que sai - PEPS";"Sim";"Sim"
"2";"ID2";"Urbana";"Pública Municipal";"Não";"Pré-escola, Ensino Fundamental, AEE – Atendimento Educacional Especializado";NA;NA;NA;"Sim";"Diabetes mellitus, Doença Celíaca";"Não";"Não";NA;"Sim";"Nutricionista";"Totalmente";NA;"Refeitório, Cozinha, Sala da direção da escola, Mural da escola";"Sim, da EEx";"Não";NA;NA;"Refeitório";"Sim";"Não se aplica";"Sim, na escola";"Na cozinha da escola visitada";"Merendeira servidora";"Não";"Sim";"Parcialmente";"Não";"Parcialmente";"Sim";"Sim";"Sim";"Não se aplica";"Sim";"Não";"Não";"Parcialmente";"Não";"Sim";"Sim";"Não se aplica";"Sim";"Não";"Sim";"Sim";"Sim";"Não";"Sim";"Sim";NA;"Em depósito localizado na escola";"Sim";"Sim";"Não";"Sim";"Não se aplica";"Sim";"Parcialmente";"Sim";"Sim";"Sim";"Freezers, Geladeiras/Congeladores";"Sim";"Sim";"Não";"Não";"Sim";"Sim";"Sim";"Sim";"Não";"Não";"Não";"Primeiro que entra é o primeiro que sai - PEPS";"Sim";"Sim"
"3";"ID 3";"Urbana";"Pública Municipal";"Não";"Creche, Pré-escola, AEE – Atendimento Educacional Especializado";"Sim";"Sim";"Sim";"Sim";"Alergia Alimentar, Intolerância à Lactose";"Não";"Não";NA;"Sim";"Nutricionista";"Parcialmente";"Ausência de merendeira(o) ou cozinheira(o)";"Cozinha, Mural da escola";"Sim, da EEx";"Não";NA;NA;"Refeitório, Sala de Aula";"Sim";NA;"Não";"Na cozinha da escola visitada";"Merendeira servidora, Merendeira contratada pela Entidade Executora";"Sim";"Sim";"Parcialmente";"Parcialmente";"Sim";"Sim";"Sim";"Sim";"Sim";"Sim";"Sim";"Não";"Sim";"Não";"Sim";"Sim";"Não";"Sim";"Não";"Sim";"Sim";"Sim";"Não";"Sim";"Sim";NA;"Em depósito localizado na escola";"Sim";"Parcialmente";"Não";"Sim";"Não";"Sim";"Parcialmente";"Não";"Sim";"Parcialmente";"Freezers, Geladeiras/Congeladores";"Sim";NA;"Não";"Não";"Sim";"Sim";"Sim";"Sim";"Sim";"Não";"Sim, restritos";"Primeiro que entra é o primeiro que sai - PEPS";"Sim";"Sim"
"4";"ID 4";"Urbana";"Pública Estadual";"Não";"Ensino Fundamental, Ensino médio, AEE – Atendimento Educacional Especializado";NA;NA;NA;"Sim";"Diabetes mellitus";"Sim";"Não";NA;"Sim";"Direção, cozinheira, compras";"Parcialmente";"Problemas no processo de compras, Irregularidade na entrega dos gêneros alimentícios na escola";NA;"Não possui nutricionista";"Sim";"Não";"Não";"Refeitório";"Sim";"Não se aplica";"Não";"Na cozinha da escola visitada";"Merendeira servidora, Merendeira contratada pela Entidade Executora";"Sim";"Não";"Parcialmente";"Não";"Sim";"Sim";"Sim";"Sim";"Não se aplica";"Parcialmente";"Sim";"Não";"Não";"Não";"Não";"Não";"Sim";"Sim";"Não";"Sim";"Sim";NA;"Não";"Não";"Não";"Não";"Em armários da cozinha, Em mesas e geladeira no refeitório";"Parcialmente";"Não";"Não";"Não";"Não";"Não";"Não";"Não";"Não";"Não";"Freezers, Geladeiras/Congeladores";"Não";"Parcialmente";"Não";"Sim";"Sim";"Sim";"Sim";"Sim";"Sim";"Não";"Não";"Primeiro que vence é o primeiro que sai - PVPS";"Sim";"Sim"
"5";"ID 5";"Urbana";"Pública Municipal";"Não";"Ensino Fundamental, AEE – Atendimento Educacional Especializado";NA;NA;NA;NA;"Diabetes mellitus";"Não";"Não";NA;"Sim";"Nutricionista";"Não";"Ausência de merendeira(o) ou cozinheira(o), Irregularidade na entrega dos gêneros alimentícios na escola";"Cozinha";"Sim, da EEx";"Não";"Não se aplica";"Não se aplica";"cozinha adaptada";"Sim";"Não se aplica";"Sim, na escola";"Na cozinha da escola visitada";"Merendeira servidora, Merendeira contratada pela Entidade Executora";"Não";"Não";"Não";"Não";"Sim";"Sim";"Parcialmente";"Sim";"Não se aplica";"Parcialmente";"Parcialmente";"Não";"Não";"Não";"Não";"Sim";"Sim";"Sim";"Não";"Sim";"Não";"Não se aplica";"Não";"Não";"Não";"Não";"Em armários da cozinha";"Sim";"Sim";"Não";"Não";"Não";"Não";"Sim";"Não";"Sim";"Parcialmente";"Freezers, Não";"Não";"Sim";"Sim";"Não";"Sim";"Sim";"Sim";"Sim";"Sim";"Sim";"Não";"Primeiro que vence é o primeiro que sai - PVPS";"Sim";"Sim"
"6";"ID 6";"Urbana";"Pública Municipal";"Não";"Creche, Pré-escola, AEE – Atendimento Educacional Especializado, Escola em tempo Integral";"Sim";"Não";"Sim";"Não";".";"Não se aplica.";"Não";NA;"Sim";"Nutricionista";"Parcialmente";"Problemas no processo de compras, Estrutura inadequada da escola para a realização das preparações previstas no cardápio";"Cozinha";"Sim, da EEx";"Sim";"Não";"Não";"Refeitório";"Sim";"Não se aplica";"Não";"Na cozinha da escola visitada";"Merendeira servidora";"Não";"Não";"Sim";"Não";"Sim";"Sim";"Sim";"Sim";"Não";"Sim";"Não";"Não";"Não";"Não";"Não";"Sim";"Sim";"Sim";"Sim";"Sim";"Não";"Não se aplica";"Não";"Não";"Não se aplica";"Não se aplica";"Em depósito central da Entidade Executora, Dispensa";"Não";"Não";"Não";"Não";"Não";"Não";"Não";"Não";"Não";"Não";"Freezers, Geladeiras/Congeladores";"Não";"Sim";"Não";"Não";"Sim";"Sim";"Sim";"Sim";"Não";"Sim";NA;"Primeiro que entra é o primeiro que sai - PEPS";"Sim";"Sim"
"7";"ID 7";"Urbana";"Pública Estadual";"Não";"Ensino Fundamental, Ensino médio, AEE – Atendimento Educacional Especializado";NA;NA;NA;"Sim";"Diabetes mellitus, Intolerância à Lactose, Obesidade";"Não";"Não";NA;"Sim";"Nutricionista";"Totalmente";"Não se aplica";"Cozinha";"Sim, da EEx";"Não";"Não se aplica";"Não se aplica";"Refeitório";"Sim";"Não se aplica";"Sim, na escola";"Na cozinha da escola visitada";"Merendeira servidora";"Não";"Não";"Parcialmente";"Não";"Parcialmente";"Sim";"Sim";"Sim";"Sim";"Sim";"Sim";"Não";"Não";"Não";NA;"Sim";"Sim";"Sim";"Não";"Sim";"Sim";"Sim";"Não";"Sim";"Sim";NA;"Em armários da cozinha";"Sim";"Sim";"Não";"Não";"Não";"Parcialmente";"Parcialmente";"Não";"Sim";"Sim";"Freezers, Geladeiras/Congeladores";"Sim";"Sim";"Não";"Não";"Sim";"Sim";"Sim";"Sim";"Sim";"Não";"Não";"Primeiro que vence é o primeiro que sai - PVPS";"Sim";"Sim"
"8";"ID 8";"Urbana";"Pública Municipal";"Não";"Pré-escola, Ensino Fundamental";NA;NA;NA;"Sim";"Intolerância à Lactose, Síndrome de Lewy";"Sim";"Não";NA;"Sim";"Nutricionista";"Parcialmente";"Não se aplica";"Refeitório, Cozinha";"Sim, da EEx";"Sim";"Sim";NA;"Refeitório, Sala de Aula";"Sim";"Não";"Não";"Na cozinha da escola visitada";"Merendeira servidora";"Sim";"Sim";"Parcialmente";"Não";"Sim";"Sim";"Parcialmente";"Sim";"Sim";"Sim";"Parcialmente";"Não";"Não";"Não";"Parcialmente";"Sim";"Sim";"Sim";"Não";"Sim";"Não se aplica";"Sim";"Sim";"Não";"Sim";NA;"Em armários da cozinha, Em depósito central da Entidade Executora";"Sim";"Não";"Não";"Não";"Não se aplica";"Parcialmente";"Parcialmente";"Não";"Parcialmente";"Sim";"Freezers, Geladeiras/Congeladores";"Sim";"Sim";"Não";"Não";"Sim";"Sim";"Sim";"Sim";"Não";"Não";"Sim, restritos";"Primeiro que vence é o primeiro que sai - PVPS";"Sim";"Não"
"9";"ID 9";"Urbana";"Pública Municipal";"Não";"Creche, Pré-escola";NA;NA;NA;"Não";"Intolerância à Lactose, Alergia a Proteína do Leite";"Não";"Não";NA;"Sim";"Nutricionista";"Parcialmente";"Não se aplica";"Cozinha";"Sim, da EEx";"Sim";"Sim";"Sim";"Sala de Aula";"Sim";"Não se aplica";"Não";"Na cozinha da escola visitada";"Merendeira servidora";"Sim";"Sim";"Sim";"Não";"Não";"Parcialmente";"Sim";"Sim";"Parcialmente";"Sim";"Parcialmente";"Não";"Não";"Não";"Sim";"Sim";"Sim";"Sim";"Não";"Sim";NA;"Sim";"Sim";"Não";NA;"Sim";"Em depósito localizado na escola, Em depósito central da Entidade Executora";"Sim";"Sim";"Não";"Não";"Não se aplica";"Sim";"Parcialmente";"Não";"Parcialmente";NA;"Freezers, Geladeiras/Congeladores";"Sim";NA;"Não";"Não";"Sim";"Sim";"Sim";"Sim";"Não";"Não";"Sim, restritos";"Primeiro que vence é o primeiro que sai - PVPS";"Sim";"Não"
"10";"ID 10";"Urbana";"Pública Municipal";"Não";"Ensino Fundamental, Programa Novo Mais Educação";NA;NA;NA;"Não";".";"Não se aplica.";"Não";NA;"Sim";"Nutricionista";"Totalmente";"Não se aplica";"Cozinha";"Sim, da EEx";"Sim";"Sim";"Sim";"Refeitório";"Sim";"Não se aplica";"Não";"Na cozinha da escola visitada";"Merendeira servidora";"Sim";"Sim";"Parcialmente";"Não";"Parcialmente";"Sim";"Sim";"Sim";"Não se aplica";"Sim";"Sim";"Não";"Não";"Não";"Sim";"Sim";"Sim";"Sim";"Não";"Sim";"Sim";"Sim";"Não";"Sim";"Sim";NA;"Em depósito localizado na escola, Em depósito central da Entidade Executora";"Sim";"Parcialmente";"Não";"Não";"Não se aplica";"Sim";"Parcialmente";"Parcialmente";"Sim";"Sim";"Freezers, Geladeiras/Congeladores";"Sim";"Sim";"Não";"Não";"Sim";"Sim";"Sim";"Sim";"Sim";"Não";"Sim, restritos";"Primeiro que vence é o primeiro que sai - PVPS";"Sim";"Não"
"11";"ID 11";"Urbana";"Pública Municipal";"Não";"Pré-escola, Ensino Fundamental, AEE – Atendimento Educacional Especializado";NA;NA;NA;"Não";".";"Não se aplica.";"Não";NA;"Sim";"Nutricionista";"Totalmente";NA;"Refeitório, Cozinha, Mural da escola";"Sim, da EEx";"Não";NA;NA;"Refeitório";"Sim";NA;"Não";"Na cozinha da escola visitada";"Merendeira servidora";"Sim";"Sim";"Sim";"Não";"Sim";"Sim";"Sim";"Sim";"Não se aplica";"Sim";"Sim";"Sim";"Sim";"Sim";"Sim";"Sim";"Sim";"Sim";"Não";"Sim";"Sim";NA;"Sim";"Não";"Sim";"Sim";"Em depósito localizado na escola";"Sim";"Sim";"Sim";"Sim";"Não";"Sim";"Sim";"Não";"Não";"Sim";"Freezers, Geladeiras/Congeladores";"Sim";"Sim";"Não";"Não";"Sim";"Sim";"Sim";"Sim";"Não";"Não";"Não";"Primeiro que vence é o primeiro que sai - PVPS";"Sim";"Sim"
"12";"ID 12";"Rural";"Pública Municipal";"Não";"Pré-escola, Ensino Fundamental, AEE – Atendimento Educacional Especializado";NA;NA;NA;"Sim";"Diabetes mellitus, Alergia Alimentar, Intolerância à Lactose";"Sim";"Não";NA;"Sim";"Nutricionista";"Totalmente";NA;"Cozinha, Sala da direção da escola";"Sim, da EEx";"Não";NA;NA;"Refeitório";"Sim";NA;"Não";"Na cozinha da escola visitada";"Merendeira servidora, Merendeira contratada pela Entidade Executora";"Sim";"Sim";"Sim";"Não";"Sim";"Sim";"Sim";"Sim";"Não se aplica";"Sim";"Sim";"Não";"Não";"Sim";"Sim";"Sim";"Sim";"Sim";"Não";"Sim";"Sim";"Sim";"Não";"Sim";"Sim";NA;"Em depósito localizado na escola";"Sim";"Sim";"Não";"Não";"Sim";"Sim";"Sim";"Não";"Não";"Sim";"Câmara fria, Freezers, Geladeiras/Congeladores";"Sim";"Sim";"Não";"Não";"Sim";"Sim";"Sim";"Sim";"Não";"Não";"Não";"Primeiro que vence é o primeiro que sai - PVPS";"Sim";"Sim"
"13";"ID 13";"Urbana";"Pública Municipal";"Não";"Creche";NA;NA;NA;"Sim";"Intolerância à Lactose";"Sim";"Não";NA;"Sim";"Nutricionista";"Totalmente";NA;"Sala da direção da escola, Mural da escola";"Sim, da EEx";"Não";"Não se aplica";"Não se aplica";"Refeitório";"Sim";"Não se aplica";"Não";"Na cozinha da escola visitada";"Merendeira servidora";"Sim";"Sim";"Sim";"Não";"Sim";"Sim";"Sim";"Sim";"Sim";"Sim";"Sim";"Parcialmente";"Parcialmente";"Parcialmente";"Sim";"Sim";"Sim";"Sim";"Não";"Sim";"Sim";"Sim";"Não";"Sim";"Sim";"Não se aplica";"Em depósito localizado na escola";"Sim";"Sim";"Não";"Não";"Sim";"Parcialmente";"Sim";"Não";"Sim";"Sim";"Freezers, Geladeiras/Congeladores";"Sim";"Sim";"Não";"Não";"Sim";"Sim";"Sim";"Sim";"Não";"Não";"Não";"Primeiro que vence é o primeiro que sai - PVPS";"Sim";"Sim"
"14";"ID 14";"Urbana";"Pública Municipal";"Não";"Pré-escola, Ensino Fundamental, Programa Novo Mais Educação";NA;NA;NA;"Não";".";"Não se aplica.";"Não";NA;"Sim";"Nutricionista";"Totalmente";NA;"Refeitório, Cozinha";"Sim, da EEx";"Não";NA;NA;"Refeitório";"Sim";"Não se aplica";"Sim, na escola";"Na cozinha da escola visitada";"Merendeira servidora, Merendeira contratada pela Entidade Executora";"Sim";"Sim";"Sim";"Não";"Sim";"Sim";"Sim";"Sim";NA;"Sim";"Sim";"Não";"Parcialmente";"Não";"Sim";"Sim";"Sim";"Sim";"Não";"Sim";"Sim";"Sim";"Não";"Sim";NA;"Não se aplica";"Em armários da cozinha";"Sim";"Parcialmente";"Parcialmente";"Parcialmente";"Não se aplica";"Não se aplica";"Parcialmente";"Não";"Parcialmente";"Sim";"Câmara fria, Freezers";"Sim";"Sim";"Não";"Não";"Sim";"Sim";"Sim";"Sim";"Não";"Não";"Não";"Primeiro que vence é o primeiro que sai - PVPS";"Sim";"Sim"
"15";"ID 15";"Urbana";"Pública Estadual";"Não";"Ensino Fundamental, Ensino médio";NA;NA;NA;"Não";".";"Não se aplica.";"Não";NA;"Sim";"Nutricionista";"Totalmente";NA;"Refeitório, Mural da escola";"Não";"Não";"Não se aplica";"Não se aplica";"Refeitório, Pátio da escola";"Sim";"Não se aplica";"Sim, na escola";"Na cozinha da escola visitada";"Merendeira contratada pela Entidade Executora";"Não";"Não";"Sim";"Não";"Sim";"Sim";"Sim";"Sim";"Não se aplica";"Sim";"Sim";"Não";"Não";"Não";"Não";"Sim";"Sim";"Sim";"Não";"Sim";"Não se aplica";"Não se aplica";"Não";"Sim";"Sim";NA;"Em depósito localizado na escola";"Sim";"Sim";"Não";"Não";"Sim";"Não";"Sim";"Não";"Não";"Sim";"Câmara fria, Freezers, Geladeiras/Congeladores";"Parcialmente";"Sim";"Não";"Não";"Sim";"Sim";"Sim";"Sim";"Não";"Não";"Não";"Primeiro que vence é o primeiro que sai - PVPS";"Sim";"Sim"
"16";"ID 16";"Urbana";"Pública Municipal";"Não";"Pré-escola";NA;NA;NA;"Sim";"Diabetes mellitus, Alergia Alimentar, Intolerância à Lactose, Obesidade, Alergia ao ovo";"Não";"Não";"15 dias";"Sim";"Nutricionista";"Parcialmente";NA;"Cozinha, Mural da escola";"Sim, da EEx";"Não";NA;NA;"Refeitório";"Sim";NA;"Não";"Na cozinha da escola visitada";"Merendeira servidora, Merendeira contratada por empresa prestadora de serviços";"Sim";"Sim";"Sim";"Sim";"Sim";"Sim";"Sim";"Não";"Não se aplica";"Sim";"Sim";"Sim";"Sim";"Não";NA;"Sim";"Não se aplica";"Sim";"Não";"Não";NA;"Sim";"Sim";"Sim";"Sim";"Sim";"Em depósito localizado na escola";"Sim";"Sim";"Sim";"Sim";"Não";"Não";"Sim";"Sim";"Parcialmente";"Parcialmente";"Freezers, Geladeiras/Congeladores";"Não";"Sim";"Não";"Não";"Sim";"Sim";"Sim";"Sim";"Não";"Não";"Não";"Primeiro que vence é o primeiro que sai - PVPS";"Sim";"Sim"
"17";"ID 17";"Urbana";"Pública Estadual";"Não";"Ensino Fundamental";NA;NA;NA;"Não";".";"Nao";"Não";NA;"Sim";"Nutricionista";"Parcialmente";"Irregularidade na entrega dos gêneros alimentícios na escola";"Refeitório";"Não";"Sim";"Não";"Sim";"Refeitório";"Sim";"Não se aplica";"Sim, na escola";"Na cozinha da escola visitada";"Merendeira servidora";"Sim";"Sim";"Sim";"Não";"Sim";"Sim";"Sim";"Sim";"Não se aplica";"Sim";"Sim";"Não";"Não";"Não";"Sim";"Sim";"Sim";"Sim";"Não";"Sim";"Sim";"Sim";"Sim";"Não";"Sim";"Sim";"Em depósito localizado na escola";"Parcialmente";"Sim";"Não";"Não";"Não";"Parcialmente";"Não";"Não";"Não";"Sim";"Freezers, Geladeiras/Congeladores";"Sim";"Sim";"Não";"Não";"Sim";"Sim";"Sim";"Sim";"Sim";"Não";"Não";"Primeiro que vence é o primeiro que sai - PVPS";"Sim";"Sim"
"18";"ID 18";"Rural";"Pública Municipal";"Não";"Pré-escola, Ensino Fundamental, Ensino Médio de tempo Integral, Escola em tempo Integral";"Sim";"Não";"Sim";"Sim";"Diabetes mellitus";"Sim";"Não";NA;"Sim";"Nutricionista";"Totalmente";"Irregularidade na entrega dos gêneros alimentícios na escola";"Cozinha, Mural da escola";"Sim, da EEx";"Sim";"Não";"Não";"Pátio da escola";"Não";"Não se aplica";"Sim, na cercanias";"Na cozinha da escola visitada";"Merendeira servidora";"Não";"Sim";"Parcialmente";"Não";"Não";"Sim";"Sim";"Sim";"Não se aplica";"Sim";"Sim";"Não";"Não";"Não";"Sim";"Não";"Sim";"Sim";"Não";"Sim";"Sim";"Sim";"Não";"Sim";"Não";"Sim";"Em armários da cozinha";"Sim";"Parcialmente";"Não";"Não";"Não se aplica";"Parcialmente";"Não";"Parcialmente";"Não";NA;"Freezers, Geladeiras/Congeladores";"Sim";"Sim";"Não";"Não";"Sim";"Sim";"Sim";"Sim";"Não";"Não";"Sim, restritos";"Primeiro que vence é o primeiro que sai - PVPS";"Não";"Não"
"19";"ID 19";"Urbana";"Pública Municipal";"Não";"Pré-escola, Ensino Fundamental, AEE – Atendimento Educacional Especializado, Escola em tempo Integral, Programa Novo Mais Educação";"Sim";"Sim";"Sim";"Não";".";"Não se aplica.";"Não";NA;"Sim";"Nutricionista";"Totalmente";NA;"Refeitório, Cozinha";"Sim, da empresa";"Não";NA;NA;"Refeitório";"Sim";NA;"Sim, na cercanias";"Na cozinha da escola visitada";"Merendeira contratada por empresa prestadora de serviços";"Não";"Sim";"Sim";"Sim";"Sim";"Sim";"Sim";"Sim";"Não se aplica";"Sim";"Sim";"Não";"Não";"Não";"Sim";"Sim";"Sim";"Sim";"Não";"Sim";NA;"Sim";"Sim";"Não";"Sim";"Sim";"Em depósito localizado na escola";"Sim";"Sim";"Não";"Não";"Sim";"Sim";"Sim";"Sim";"Sim";"Sim";"Freezers, Geladeiras/Congeladores";"Sim";"Sim";"Não";"Não";"Sim";"Sim";"Sim";"Sim";"Não";"Não";"Sim, restritos";"Primeiro que vence é o primeiro que sai - PVPS";"Sim";"Sim"
"20";"ID 20";"Urbana";"Pública Municipal";"Não";"Pré-escola, Ensino Fundamental, Escola em tempo Integral";"Sim";"Sim";"Sim";"Sim";"Dislipidemias, Intolerância à Lactose";"Sim";"Não";NA;"Sim";"Nutricionista";"Totalmente";"Irregularidade na entrega dos gêneros alimentícios na escola";"Cozinha, Mural da escola";"Sim, da EEx";"Sim";"Sim";"Sim";"Refeitório";"Não";"Não se aplica";"Não";"Na cozinha da escola visitada";"Merendeira servidora, Merendeira contratada pela Entidade Executora";"Não";"Sim";"Parcialmente";"Não";"Parcialmente";"Sim";"Sim";"Parcialmente";"Não se aplica";"Sim";"Sim";"Não";"Não";"Não";"Sim";"Não";"Sim";"Sim";"Não";"Sim";"Sim";"Sim";"Não";"Sim";"Não";"Sim";"Em depósito localizado na escola";"Sim";"Sim";"Não";"Parcialmente";"Não se aplica";"Sim";"Parcialmente";"Parcialmente";"Parcialmente";"Sim";"Câmara fria, Freezers, Geladeiras/Congeladores";"Sim";"Sim";"Não";"Não";"Sim";"Sim";"Sim";"Sim";"Não";"Não";"Sim, restritos";"Primeiro que vence é o primeiro que sai - PVPS";"Sim";"Sim"
"21";"ID 21";"Urbana";"Pública Municipal";"Não";"Creche, Pré-escola, Escola em tempo Integral";"Sim";"Sim";"Sim";"Sim";"Intolerância à Lactose, SÍNDROME DE LECHIMAN";"Sim";"Não";NA;"Sim";"Nutricionista";"Parcialmente";"Ausência de merendeira(o) ou cozinheira(o)";"Cozinha";"Sim, da EEx";"Não";"Não se aplica";"Não se aplica";"Refeitório, Sala de Aula";"Não";"Não se aplica";"Não";"Na cozinha da escola visitada";"Merendeira servidora, Merendeira contratada pela Entidade Executora";"Sim";"Sim";"Parcialmente";"Não";"Parcialmente";"Sim";"Sim";"Sim";"Parcialmente";"Sim";"Sim";"Não";"Parcialmente";"Não";"Parcialmente";"Sim";"Sim";"Sim";"Não";"Sim";"Sim";"Sim";"Não";"Sim";"Não";"Sim";"Em depósito localizado na escola";"Sim";"Sim";"Não";"Sim";"Sim";"Sim";"Parcialmente";"Não";"Parcialmente";NA;"Câmara fria, Freezers, Geladeiras/Congeladores";"Sim";"Sim";"Não";"Parcialmente";"Sim";"Sim";"Sim";"Sim";"Sim";"Não";"Sim, restritos";"Primeiro que vence é o primeiro que sai - PVPS";"Sim";"Não"
"22";"ID 22";"Urbana";"Pública Estadual";"Não";"Ensino Fundamental, Ensino médio";NA;NA;NA;"Não";".";"Não se aplica.";"Não";NA;"Sim";"Nutricionista";"Totalmente";"Não se aplica";"Refeitório";"Não";"Não";"Não se aplica";"Não se aplica";"Refeitório, Pátio da escola";"Sim";"Não se aplica";"Sim, na cercanias";"Na cozinha da escola visitada";"Merendeira servidora, Merendeira contratada pela Entidade Executora";"Sim";"Sim";"Parcialmente";"Não";"Parcialmente";"Sim";"Sim";"Sim";"Sim";"Sim";"Sim";"Não";"Não";"Não";"Parcialmente";"Sim";"Sim";"Sim";"Não";"Sim";"Sim";"Sim";"Não";"Sim";"Não";"Sim";"Em depósito localizado na escola";"Sim";"Sim";"Não";"Não";"Não se aplica";"Parcialmente";"Parcialmente";"Parcialmente";"Sim";"Sim";"Freezers, Geladeiras/Congeladores";"Não";"Sim";"Sim";NA;"Sim";"Sim";"Sim";"Sim";"Não";"Não";"Sim, restritos";"Primeiro que vence é o primeiro que sai - PVPS";"Sim";"Não"
"23";"ID 23";"Urbana";"Pública Municipal";"Não";"Creche, Pré-escola, AEE – Atendimento Educacional Especializado";"Sim";"Sim";"Sim";"Sim";"Intolerância à Lactose, Obesidade";"Sim";"Sim";"1 mês";"Sim";"Nutricionista";"Totalmente";NA;"Cozinha, Mural da escola";"Sim, da EEx";"Sim";"Sim";"Sim";"Refeitório";"Sim";"Não se aplica";"Não";"Na cozinha da escola visitada";"Merendeira servidora, Merendeira contratada por empresa prestadora de serviços";"Sim";"Sim";"Sim";"Sim";"Sim";"Sim";"Sim";"Sim";"Não se aplica";"Sim";"Sim";"Sim";"Sim";"Não";"Sim";"Sim";"Não";"Sim";"Não";"Sim";"Não se aplica";"Sim";"Sim";"Não";"Sim";"Não se aplica";"Em depósito localizado na escola";"Não";"Não";"Não";"Não";"Não";"Não";"Sim";"Não";"Sim";"Parcialmente";"Câmara fria, Freezers, Geladeiras/Congeladores";"Sim";"Parcialmente";"Não";"Não";"Sim";"Sim";"Sim";"Sim";"Não";"Não";"Não";"Primeiro que vence é o primeiro que sai - PVPS";"Sim";"Sim"
"24";"ID 24";"Rural";"Pública Municipal";"Não";"Pré-escola, Ensino Fundamental, AEE – Atendimento Educacional Especializado";NA;NA;NA;"Não";".";"Não se aplica.";"Não";NA;"Sim";"Nutricionista";"Parcialmente";NA;"Refeitório, Cozinha";"Sim, da EEx";"Sim";"Sim";"Sim";"Refeitório";"Sim";NA;"Sim, na escola";"Na cozinha da escola visitada";"Merendeira servidora";"Não";"Sim";NA;"Não";NA;"Sim";"Sim";"Sim";"Não";"Sim";"Sim";"Não";"Não";"Não";"Sim";"Sim";"Sim";"Sim";"Não";"Não";"Sim";"Sim";"Não";"Sim";"Sim";"Sim";"Em depósito localizado na escola";"Sim";"Sim";"Não";"Não";"Não se aplica";"Sim";"Não";"Não";"Parcialmente";"Sim";"Freezers";"Sim";"Sim";"Não";"Sim";"Sim";"Sim";"Sim";"Sim";"Não";"Não";"Sim, restritos";"Primeiro que vence é o primeiro que sai - PVPS";"Sim";"Sim"
"25";"ID 25";"Urbana";"Pública Municipal";"Não";"Ensino Fundamental";NA;NA;NA;"Não";".";"Não se aplica.";"Não";NA;"Sim";"Nutricionista";"Totalmente";NA;"Refeitório, Mural da escola, Sala da Direção";"Sim, da EEx";"Sim";"Não";"Não";"Refeitório";"Sim";"Não se aplica";"Não";"Na cozinha da escola visitada";"Merendeira servidora";"Não";"Sim";"Parcialmente";"Não";"Não";"Sim";"Sim";"Sim";"Não";"Sim";"Sim";"Não";"Não";"Não";"Parcialmente";"Sim";"Sim";"Sim";"Não";"Sim";"Sim";"Sim";"Não";"Sim";"Não";"Não se aplica";"Em depósito localizado na escola";"Sim";"Sim";"Não";"Parcialmente";"Não se aplica";"Sim";"Não";"Não";"Sim";"Sim";"Freezers, Geladeiras/Congeladores";"Parcialmente";"Sim";"Parcialmente";"Não";"Sim";"Sim";"Sim";"Sim";"Não";"Não";"Sim, restritos";"Primeiro que vence é o primeiro que sai - PVPS";"Sim";"Sim"
"26";"ID 26";"Urbana";"Pública Municipal";"Não";"Creche, Ensino Médio de tempo Integral";"Sim";"Sim";"Sim";"Sim";"Alergia Alimentar, Intolerância à Lactose, Obesidade";"Sim";"Não";NA;"Sim";"Nutricionista";"Parcialmente";"Irregularidade na entrega dos gêneros alimentícios na escola";"Cozinha, Mural da escola, SALA DA DIREÇÃO";"Sim, da EEx";"Não";"Não se aplica";"Não se aplica";"Refeitório";"Sim";"Não se aplica";"Não";"Na cozinha da escola visitada";"Merendeira servidora";"Sim";"Sim";"Parcialmente";"Não";"Não";"Sim";"Parcialmente";"Sim";"Não se aplica";"Sim";"Não";"Não";"Sim";"Não";"Sim";"Sim";"Sim";"Sim";"Não";"Sim";"Sim";"Sim";"Não";"Sim";"Sim";"Não se aplica";"Em depósito localizado na escola";"Sim";"Sim";"Não";"Sim";"Não se aplica";"Parcialmente";"Parcialmente";"Não";"Parcialmente";"Sim";"Freezers, Geladeiras/Congeladores";"Sim";"Sim";"Parcialmente";"Sim";"Sim";"Sim";"Sim";"Sim";"Não";"Não";"Sim, restritos";"Primeiro que vence é o primeiro que sai - PVPS";"Sim";"Não"
"27";"ID 27";"Urbana";"Pública Estadual";"Não";"Ensino Fundamental, Escola em tempo Integral";"Sim";"Sim";"Sim";"Sim";"Intolerância à Lactose, Intolerância ao ovo";"Sim";"Não";NA;"Sim";"Nutricionista";"Parcialmente";"Não se aplica";"Cozinha, Mural da escola";"Não";"Não";"Não se aplica";"Não se aplica";"Refeitório";"Sim";"Não se aplica";"Não";"Na cozinha da escola visitada";"Merendeira contratada pela Entidade Executora";"Sim";"Não";"Sim";"Não";"Não";"Sim";"Parcialmente";"Parcialmente";"Não";"Não";"Não";"Não";"Não";"Não";"Parcialmente";"Sim";"Sim";"Sim";"Não";"Sim";"Sim";"Não se aplica";"Não";"Sim";"Sim";"Não se aplica";"Em depósito localizado na escola";"Parcialmente";"Sim";"Não";"Não";"Não";"Não";"Parcialmente";"Não";"Não";"Sim";"Freezers, Geladeiras/Congeladores";"Sim";"Sim";"Não";"Não";"Sim";"Sim";"Sim";"Sim";"Não";"Não";"Sim, restritos";"Primeiro que vence é o primeiro que sai - PVPS";"Sim";"Sim"
"28";"ID 28";"Urbana";"Pública Municipal";"Não";"Creche, Pré-escola, Escola em tempo Integral";"Sim";"Sim";"Sim";"Sim";"Alergia Alimentar, Intolerância à Lactose";"Não";"Não";NA;"Sim";"Nutricionista";"Totalmente";"Irregularidade na entrega dos gêneros alimentícios na escola";"Cozinha, Mural da escola";"Sim, da EEx";"Sim";"Sim";"Sim";"Refeitório";"Sim";"Não se aplica";"Não";"Na cozinha da escola visitada";"Merendeira servidora, Merendeira contratada pela Entidade Executora";"Sim";"Sim";"Sim";"Sim";"Sim";"Sim";"Sim";"Sim";"Sim";"Parcialmente";"Sim";"Não";"Sim";"Não";"Sim";"Sim";"Sim";"Sim";"Não";"Sim";"Sim";"Sim";"Não";"Sim";"Sim";NA;"Em depósito localizado na escola, Em depósito central da Entidade Executora";"Sim";"Sim";"Não";"Sim";"Não se aplica";"Sim";"Parcialmente";"Sim";"Sim";"Sim";"Câmara fria, Freezers, Geladeiras/Congeladores";"Parcialmente";"Sim";"Não";"Não";"Sim";"Sim";"Sim";"Sim";"Não";"Não";"Sim, restritos";"Primeiro que vence é o primeiro que sai - PVPS";"Sim";"Sim"
"29";"ID 29";"Urbana";"Pública Municipal";"Não";"Pré-escola, Ensino Fundamental, AEE – Atendimento Educacional Especializado, Escola em tempo Integral";"Sim";"Sim";"Sim";"Sim";"Alergia Alimentar, Intolerância à Lactose";"Não";"Não";NA;"Sim";"Nutricionista";"Parcialmente";"Irregularidade na entrega dos gêneros alimentícios na escola";"Refeitório, Cozinha, Mural da escola";"Sim, da EEx";"Não";"Não se aplica";"Não se aplica";"Refeitório";"Sim";"Não se aplica";"Não";"Na cozinha da escola visitada";"Merendeira servidora, Merendeira contratada pela Entidade Executora";"Sim";"Sim";"Sim";"Sim";"Sim";"Sim";"Sim";"Sim";"Não se aplica";"Sim";"Sim";"Não";"Não";"Não";"Sim";"Sim";"Sim";"Sim";"Não";"Sim";"Sim";"Não";"Não";"Sim";"Sim";NA;"Em depósito localizado na escola, Em depósito central da Entidade Executora";"Sim";"Sim";"Não";"Não";"Parcialmente";"Sim";"Parcialmente";"Sim";"Parcialmente";"Sim";"Câmara fria, Freezers";"Não";"Sim";"Não";"Não";"Sim";"Sim";"Sim";"Sim";"Não";"Não";"Sim, restritos";"Primeiro que vence é o primeiro que sai - PVPS";"Sim";"Sim"
"30";"ID 30";"Rural";"Pública Municipal";"Não";"Ensino Fundamental, AEE – Atendimento Educacional Especializado";NA;NA;NA;"Sim";"Diabetes mellitus, Intolerância à Lactose";"Não";"Não";NA;"Sim";"Nutricionista";"Parcialmente";"Irregularidade na entrega dos gêneros alimentícios na escola";"Refeitório";"Sim, da EEx";"Não";"Não se aplica";"Não se aplica";"Refeitório";"Sim";"Não se aplica";"Não";"Na cozinha da escola visitada";"Merendeira servidora";"Sim";"Sim";"Sim";"Sim";"Sim";"Sim";"Sim";"Sim";"Não se aplica";"Sim";"Sim";"Não";"Sim";"Não";"Sim";"Sim";"Sim";"Sim";"Não";"Sim";"Sim";"Não";"Não";"Sim";"Sim";NA;"Em armários da cozinha, Em depósito central da Entidade Executora";"Sim";"Não";"Não se aplica";"Não se aplica";"Não se aplica";"Parcialmente";"Parcialmente";"Sim";"Sim";"Sim";"Câmara fria, Freezers";"Sim";"Parcialmente";"Não";"Não";"Sim";"Sim";"Sim";"Sim";"Sim";"Não";"Sim, restritos";"Primeiro que vence é o primeiro que sai - PVPS";"Sim";"Sim"
"31";"ID 31";"Rural";"Pública Municipal";"Não";"Ensino Fundamental";NA;NA;NA;"Não";".";"Não se aplica.";"Não";NA;"Sim";"Nutricionista";"Totalmente";NA;"Cozinha, Mural da escola";"Sim, da EEx";"Não";"Não se aplica";"Não se aplica";"Sala de Aula";"Sim";"Não se aplica";"Não";"Na cozinha da escola visitada";"Merendeira servidora";"Não";"Sim";"Sim";"Sim";"Sim";"Sim";"Sim";"Sim";"Sim";"Sim";"Parcialmente";"Sim";"Sim";"Não";"Parcialmente";"Sim";"Sim";"Sim";"Não";"Sim";"Sim";"Sim";"Não";"Sim";"Sim";"Não se aplica";"Em depósito localizado na escola";"Sim";"Sim";"Não";"Sim";"Não";"Não";"Parcialmente";"Parcialmente";"Sim";"Sim";"Freezers, Geladeiras/Congeladores";"Sim";"Sim";"Não";"Não";"Sim";"Sim";NA;"Sim";"Não";NA;NA;"Primeiro que vence é o primeiro que sai - PVPS";"Sim";"Sim"
"32";"ID 32";"Urbana";"Pública Municipal";"Não";"Creche, Escola em tempo Integral";"Sim";"Sim";"Sim";"Sim";"Intolerância à Lactose";"Sim";"Não";NA;"Sim";"Nutricionista";"Totalmente";"Não se aplica";"Refeitório, Cozinha";"Sim, da EEx";"Não";"Não se aplica";"Não se aplica";"Refeitório";"Sim";"Não se aplica";"Não";"Na cozinha da escola visitada";"Merendeira servidora";"Não";"Sim";"Sim";"Sim";"Não";"Sim";"Sim";"Sim";"Não";"Sim";"Sim";"Não";"Sim";"Não";NA;"Sim";"Sim";"Sim";"Não";"Sim";"Sim";NA;"Sim";NA;NA;"Não se aplica";"Em armários da cozinha";"Sim";"Não";"Não";"Sim";"Sim";"Sim";"Não";"Sim";"Sim";"Sim";"Freezers, Geladeiras/Congeladores";"Sim";"Sim";"Não";"Não";"Sim";"Sim";"Sim";"Sim";"Não";"Não";"Sim, restritos";"Primeiro que vence é o primeiro que sai - PVPS";"Sim";"Sim"
"33";"ID 33";"Urbana";"Pública Estadual";"Não";"Ensino Fundamental";NA;NA;NA;"Não";".";"Não se aplica.";"Não";NA;"Sim";"Nutricionista";"Totalmente";"Não se aplica";"Cozinha, Mural da escola";"Sim, da EEx";"Sim";"Sim";"Sim";"Sala de Aula, Pátio da escola";"Sim";"Não se aplica";"Não";"Na cozinha da escola visitada";"Merendeira contratada pela Entidade Executora";"Sim";"Sim";"Não";"Sim";NA;"Sim";"Não";"Parcialmente";"Parcialmente";"Sim";"Parcialmente";"Não";"Sim";"Não";NA;"Não";"Sim";"Sim";"Não";"Sim";"Sim";NA;"Sim";"Sim";"Sim";"Não se aplica";"Em armários da cozinha";"Sim";"Sim";"Não";"Não";"Não";"Não";"Não";"Não";"Não";"Sim";"Freezers, Geladeiras/Congeladores";"Não";"Sim";"Não";"Não";"Sim";"Sim";"Sim";"Sim";"Não";"Não";"Não";"Primeiro que vence é o primeiro que sai - PVPS";"Sim";"Sim"
"34";"ID 34";"Rural";"Pública Municipal";"Não";"Pré-escola, Ensino Fundamental, Escola em tempo Integral";"Sim";"Sim";"Sim";"Sim";"Intolerância à Lactose";"Não";"Não";NA;"Sim";"Nutricionista";"Totalmente";"Não se aplica";"Refeitório";"Sim, da EEx";"Sim";"Sim";"Sim";"Refeitório";"Sim";"Não se aplica";"Não";"Na cozinha da escola visitada";"Merendeira servidora";"Sim";"Sim";"Parcialmente";"Não";"Sim";"Sim";"Parcialmente";"Parcialmente";"Não se aplica";"Sim";"Parcialmente";"Parcialmente";"Sim";"Não";"Sim";"Sim";"Sim";"Sim";"Não";"Sim";"Sim";"Não";"Não";"Sim";"Sim";"Não se aplica";"Em armários da cozinha";"Sim";"Não";"Não se aplica";"Não se aplica";"Não se aplica";"Parcialmente";"Parcialmente";"Sim";"Sim";"Sim";"Geladeiras/Congeladores";"Sim";"Sim";"Não";"Não";"Sim";"Sim";"Sim";"Sim";"Não";"Não";"Sim, restritos";"Primeiro que vence é o primeiro que sai - PVPS";"Sim";"Sim"
"35";"ID 35";"Rural";"Pública Municipal";"Não";"Pré-escola, Ensino Fundamental, Escola em tempo Integral";"Sim";"Não";"Sim";"Não";".";"Não se aplica.";"Não";NA;"Sim";"Nutricionista";"Totalmente";NA;"Cozinha, Sala da direção da escola";"Sim, da EEx";"Sim";"Não se aplica";"Sim";"Pátio da escola";"Não";"Não se aplica";"Não";"Na cozinha da escola visitada";"Merendeira servidora, Merendeira contratada pela Entidade Executora";"Não";"Sim";"Parcialmente";"Não";"Parcialmente";"Sim";"Não";"Parcialmente";"Não se aplica";"Sim";"Sim";"Não";"Sim";"Não";"Parcialmente";"Sim";"Sim";"Sim";"Sim";"Sim";"Sim";"Não";"Não";"Sim";"Sim";"Não";"Em armários da cozinha";"Sim";"Parcialmente";"Não se aplica";"Não se aplica";"Não se aplica";"Parcialmente";"Não";"Parcialmente";"Parcialmente";"Sim";"Freezers, Geladeiras/Congeladores";"Sim";"Parcialmente";"Não";"Não";"Sim";"Sim";"Sim";"Sim";"Não";"Não";"Sim, restritos";"Primeiro que vence é o primeiro que sai - PVPS";"Sim";"Sim"
"36";"ID 36";NA;"Pública Municipal";NA;"Creche, Escola em tempo Integral";"Sim";"Sim";"Sim";"Não";".";"Não se aplica.";"Sim";NA;"Sim";"Nutricionista";"Totalmente";"Falta de Planejamento";"Cozinha, Sala da direção da escola";"Sim, da EEx";"Sim";"Sim";"Sim";"Refeitório, Sala de Aula, Pátio da escola";"Sim";"Não se aplica";"Não";"Na cozinha da escola visitada";"Merendeira servidora";"Não";"Sim";"Parcialmente";"Não";"Sim";"Sim";"Sim";"Sim";"Não se aplica";"Sim";"Parcialmente";"Não";"Sim";"Não";"Sim";"Sim";"Sim";"Sim";"Não";"Sim";"Sim";"Não";"Não";"Sim";"Sim";"Não se aplica";"Em depósito localizado na escola";"Sim";"Sim";"Não";"Sim";"Sim";"Sim";"Parcialmente";"Parcialmente";"Parcialmente";"Sim";"Freezers, Geladeiras/Congeladores";"Sim";"Sim";"Não";"Não";"Sim";"Sim";"Sim";"Sim";"Não";"Não";"Sim, restritos";"Primeiro que vence é o primeiro que sai - PVPS";"Sim";"Sim"
"37";"ID 38";"Urbana";"Pública Estadual";"Não";"Ensino Fundamental, Ensino médio";NA;NA;NA;"Não";".";"Não se aplica.";"Não";NA;"Sim";"Nutricionista";"Totalmente";"Não se aplica";"Cozinha";"Sim, da EEx";"Não";"Não se aplica";"Não se aplica";"Refeitório";NA;NA;"Sim, na cercanias";"Na cozinha da escola visitada";"Merendeira servidora, Merendeira contratada pela Entidade Executora";"Sim";"Não";"Parcialmente";"Não";"Parcialmente";"Sim";"Sim";"Sim";"Não se aplica";"Parcialmente";"Parcialmente";"Não";"Não";"Não";"Parcialmente";"Sim";"Sim";"Sim";"Não";"Sim";"Sim";"Sim";"Não";"Sim";"Sim";NA;"Em depósito localizado na escola, Em armários da cozinha";"Sim";"Sim";"Não";"Não";"Parcialmente";"Sim";"Sim";"Parcialmente";"Parcialmente";"Sim";"Câmara fria, Freezers, Geladeiras/Congeladores";"Sim";"Sim";"Não";"Não";"Sim";"Sim";"Sim";"Sim";"Sim";"Não";"Sim, restritos";"Primeiro que vence é o primeiro que sai - PVPS";"Sim";"Sim"
"38";"ID 39";"Urbana";"Pública Municipal";"Não";"Pré-escola, Ensino Fundamental, AEE – Atendimento Educacional Especializado";NA;NA;NA;"Sim";"Diabetes mellitus";"Não";"Não";NA;"Sim";"Nutricionista";"Parcialmente";NA;"Cozinha";"Sim, da EEx";"Não";NA;NA;"Refeitório";NA;"Sim";"Sim, na cercanias";"Na cozinha da escola visitada";"Merendeira servidora, Merendeira contratada por empresa prestadora de serviços";"Não";"Parcialmente";"Não";"Sim";"Sim";"Sim";"Sim";"Sim";"Não se aplica";"Parcialmente";"Sim";"Não";"Não";"Sim";"Sim";"Não";"Sim";"Sim";"Não";"Sim";"Não";"Sim";"Não";"Não";"Não";"Não se aplica";"Em armários da cozinha, Em depósito central da Entidade Executora";"Sim";"Parcialmente";"Não se aplica";"Não se aplica";"Não se aplica";"Parcialmente";"Parcialmente";"Não";"Sim";"Parcialmente";"Freezers, Geladeiras/Congeladores";"Sim";"Sim";"Não";"Não";"Sim";"Sim";"Sim";"Sim";"Não";"Não";"Sim, restritos";"Primeiro que vence é o primeiro que sai - PVPS";"Sim";"Sim"
"39";"ID 40";"Rural";"Pública Municipal";"Não";"Pré-escola, Ensino Fundamental, AEE – Atendimento Educacional Especializado";"Sim";"Não";"Não";"Sim";"Dislipidemias";"Não";"Não";NA;"Sim";"Nutricionista";"Parcialmente";NA;"Cozinha";"Não";"Não";NA;NA;"Refeitório";"Sim";NA;"Sim, na cercanias";"Na cozinha da escola visitada";"Merendeira contratada por empresa prestadora de serviços";"Não";"Parcialmente";"Não";"Não";"Parcialmente";"Parcialmente";"Parcialmente";"Parcialmente";"Não se aplica";"Parcialmente";"Não";"Não";"Não";"Não";"Sim";"Não";"Sim";"Sim";"Não";"Não";"Não";"Sim";"Não";"Não";"Não";"Não se aplica";"Em armários da cozinha, Em depósito central da Entidade Executora";"Sim";"Sim";"Não";"Não";"Não se aplica";"Sim";"Não";"Não";"Sim";"Parcialmente";"Freezers, Geladeiras/Congeladores";"Sim";"Sim";"Não";"Não";"Sim";"Sim";"Sim";"Sim";"Sim";"Não";"Sim, restritos";"Primeiro que vence é o primeiro que sai - PVPS";"Sim";"Sim"
"40";"ID 41";"Urbana";"Pública Municipal";"Não";"Creche, Pré-escola, AEE – Atendimento Educacional Especializado";"Sim";"Não";"Sim";"Sim";"Alergia Alimentar, Intolerância à Lactose";"Não";"Não";NA;"Sim";"Nutricionista";"Parcialmente";NA;"Cozinha, Mural da escola";"Sim, da EEx";"Sim";"Sim";"Sim";"Sala de Aula";"Sim";"Não se aplica";"Não";"Na cozinha da escola visitada";"Merendeira servidora, Merendeira contratada por empresa prestadora de serviços";"Não";"Sim";"Parcialmente";"Parcialmente";"Sim";"Parcialmente";"Parcialmente";"Sim";"Não se aplica";"Parcialmente";"Parcialmente";"Não";"Não";"Sim";"Parcialmente";"Não";"Sim";"Sim";"Não";"Sim";"Não";"Sim";"Não";"Não";"Não";NA;"Em depósito localizado na escola, Em depósito central da Entidade Executora";"Não";"Sim";"Não";"Não";"Não";"Não";"Não";"Parcialmente";"Parcialmente";"Parcialmente";"Freezers, Geladeiras/Congeladores";"Sim";"Sim";"Não";"Não";"Sim";"Sim";"Sim";"Sim";"Não";"Não";"Sim, restritos";"Primeiro que vence é o primeiro que sai - PVPS";"Sim";"Sim"
"41";"ID 42";"Urbana";"Pública Estadual";"Não";"Ensino Fundamental, Ensino médio, AEE – Atendimento Educacional Especializado";NA;NA;NA;"Não";".";"Sim";"Não";NA;"Sim";"Nutricionista";"Totalmente";"Não se aplica";"Refeitório, Cozinha";"Não";"Não";"Não se aplica";"Não se aplica";"Refeitório";"Sim";"Não se aplica";"Sim, na escola";"Na cozinha da escola visitada";"Merendeira servidora, Merendeira contratada pela Entidade Executora";"Não";"Não";"Sim";"Não";"Sim";"Parcialmente";"Sim";"Sim";"Não se aplica";"Sim";"Parcialmente";"Não";"Não";"Sim";"Sim";"Sim";"Sim";"Sim";"Não";"Sim";"Não se aplica";"Sim";"Sim";"Não";"Sim";"Sim";"Em armários da cozinha";"Sim";"Não";"Não se aplica";"Não se aplica";"Não se aplica";"Não";"Não";NA;"Parcialmente";"Parcialmente";"Câmara fria, Freezers, Geladeiras/Congeladores";"Sim";"Parcialmente";"Não";"Parcialmente";"Sim";"Sim";"Sim";"Sim";"Não";"Não";"Sim, restritos";"Primeiro que vence é o primeiro que sai - PVPS";"Sim";"Sim"
"42";"ID 43";"Rural";"Pública Municipal";"Não";"Pré-escola, Ensino Fundamental";NA;NA;NA;"Não";".";"Não se aplica.";"Não";NA;"Sim";"Nutricionista";"Totalmente";"Irregularidade na entrega dos gêneros alimentícios na escola, Imprevistos tais como: falta de água, luz, gás, entre outros";"Cozinha";"Não";"Não";"Não se aplica";"Não se aplica";"Refeitório";"Não";"Não se aplica";"Não";"Na cozinha da escola visitada";"Merendeira servidora";"Não";"Não";"Não";"Não";"Não";"Sim";"Sim";"Sim";"Não se aplica";"Parcialmente";"Sim";"Parcialmente";"Parcialmente";"Parcialmente";"Sim";"Não";"Sim";"Sim";"Sim";"Não";"Sim";"Não";"Não se aplica";"Não";"Não";NA;"Em armários da cozinha";"Sim";"Não";"Não se aplica";"Não se aplica";"Não se aplica";"Não";"Parcialmente";"Parcialmente";"Parcialmente";"Sim";"Freezers, Geladeiras/Congeladores";"Sim";"Não";"Não";"Não";"Sim";"Sim";"Sim";"Sim";"Não";"Não";"Sim, restritos";"Primeiro que vence é o primeiro que sai - PVPS";"Sim";"Não"
"43";"ID 44";"Urbana";"Pública Municipal";"Não";"Pré-escola, Ensino Fundamental";NA;NA;NA;"Não";".";"Não se aplica.";"Não";NA;"Sim";"Nutricionista";"Totalmente";"Não se aplica";"Refeitório, Cozinha";"Sim, da EEx";"Não";"Não se aplica";"Não se aplica";"Refeitório";"Sim";"Não se aplica";"Não";"Na cozinha da escola visitada";"Merendeira servidora";"Sim";"Sim";"Parcialmente";"Não";"Parcialmente";"Sim";"Parcialmente";"Não";"Não se aplica";"Parcialmente";"Parcialmente";"Parcialmente";"Parcialmente";"Parcialmente";"Sim";"Sim";"Sim";"Sim";"Não";"Não";"Sim";"Não";"Não se aplica";"Não";"Não";NA;"Em armários da cozinha";"Sim";"Sim";"Não se aplica";"Não se aplica";"Não se aplica";"Não";"Parcialmente";"Parcialmente";NA;"Sim";NA;"Sim";"Sim";"Não";"Sim";"Sim";"Sim";"Sim";"Sim";"Não";"Não";"Sim, restritos";"Primeiro que vence é o primeiro que sai - PVPS";"Sim";"Sim"
"44";"ID 45";"Urbana";"Pública Estadual";"Não";"Ensino Fundamental, Ensino médio, Escola em tempo Integral";"Sim";"Sim";"Sim";"Não";".";"Não se aplica.";"Não";NA;"Sim";"Nutricionista";"Parcialmente";NA;"Refeitório, Cozinha";"Não";"Sim";"Não";"Sim";"Refeitório";"Não";NA;"Não";"Na cozinha da escola visitada";"Merendeira servidora";"Não";"Sim";"Sim";"Não";"Sim";"Sim";"Sim";"Sim";"Não se aplica";"Sim";"Sim";"Parcialmente";"Parcialmente";"Parcialmente";"Sim";"Sim";"Sim";"Sim";"Não";NA;"Não";"Sim";"Sim";NA;"Sim";"Não";"Em armários da cozinha";"Sim";"Parcialmente";"Não se aplica";"Não se aplica";"Não se aplica";"Parcialmente";"Parcialmente";"Não";"Sim";"Sim";"Câmara fria, Freezers, Geladeiras/Congeladores";"Parcialmente";"Sim";"Não";"Não";"Sim";"Sim";"Sim";"Sim";"Não";"Não";"Sim, restritos";"Primeiro que vence é o primeiro que sai - PVPS";"Sim";"Sim"
"45";"ID 46";"Rural";"Pública Municipal";"Não";"Pré-escola, Ensino Fundamental";NA;NA;NA;"Não";".";"Não se aplica.";"Não";NA;"Sim";"Nutricionista";"Parcialmente";NA;"Cozinha, Sala da direção da escola";"Sim, da EEx";"Não";NA;NA;"Refeitório";"Sim";NA;"Não";"Na cozinha da escola visitada";"Merendeira servidora";"Sim";"Sim";"Parcialmente";"Não";"Sim";"Sim";"Sim";"Sim";"Não se aplica";"Sim";"Sim";"Não";"Não";"Não";"Sim";"Sim";"Sim";"Sim";"Não";"Não";"Sim";"Sim";"Não";"Sim";"Sim";NA;"Em armários da cozinha";"Sim";"Não";"Não se aplica";"Não se aplica";"Não se aplica";"Não";"Sim";"Não";"Não";"Sim";"Freezers, Geladeiras/Congeladores";"Parcialmente";"Sim";"Não";"Sim";"Sim";"Sim";"Sim";"Sim";"Não";"Não";"Sim, restritos";"Primeiro que vence é o primeiro que sai - PVPS";"Sim";"Sim"
"46";"ID 47";"Urbana";"Pública Municipal";"Não";"Pré-escola, Ensino Fundamental, AEE – Atendimento Educacional Especializado";NA;NA;NA;"Não";".";"Não se aplica.";"Não";NA;"Sim";"Nutricionista";"Parcialmente";NA;"Cozinha";"Sim, da EEx";"Não";NA;NA;"Refeitório, Pátio da escola";"Sim";NA;"Não";"Na cozinha da escola visitada";"Merendeira servidora";"Sim";"Sim";"Parcialmente";"Não";"Sim";"Sim";"Sim";"Sim";"Não se aplica";"Sim";"Sim";"Não";"Não";"Não";"Sim";"Sim";"Sim";"Sim";"Não";"Sim";"Não";"Não se aplica";"Não";"Sim";"Sim";NA;"Em depósito localizado na escola";"Sim";"Sim";"Não";"Não";"Não";"Sim";"Sim";"Não";"Sim";"Parcialmente";"Freezers, Geladeiras/Congeladores";"Sim";"Sim";"Não";"Não";"Sim";"Sim";"Sim";"Sim";"Não";"Não";"Não";"Primeiro que vence é o primeiro que sai - PVPS";"Sim";"Sim"
"47";"ID 48";"Urbana";"Pública Municipal";"Não";"Creche, Pré-escola";NA;NA;NA;"Sim";"Intolerância à Lactose";"Sim";"Não";NA;"Sim";"Nutricionista";"Totalmente";NA;"Cozinha";"Sim, da EEx";"Não";NA;NA;"Refeitório, Sala de Aula";"Sim";NA;"Não";"Na cozinha da escola visitada";"Merendeira servidora";"Sim";"Sim";"Parcialmente";"Não";"Sim";"Sim";"Sim";"Sim";"Não se aplica";"Sim";"Parcialmente";"Não";"Não";"Não";"Sim";"Sim";"Sim";"Sim";"Não";"Sim";"Não";"Não se aplica";"Não";"Sim";"Sim";NA;"Em armários da cozinha";"Sim";"Não";"Não se aplica";"Não se aplica";"Não se aplica";"Parcialmente";"Sim";"Não";"Sim";"Sim";"Freezers, Geladeiras/Congeladores";"Parcialmente";"Sim";"Não";"Não";"Sim";"Sim";"Sim";"Sim";"Não";"Não";"Sim, restritos";"Primeiro que entra é o primeiro que sai - PEPS";"Sim";"Sim"
"48";"ID 49";"Urbana";"Pública Estadual";"Não";"Ensino Fundamental, Ensino médio, AEE – Atendimento Educacional Especializado";NA;NA;NA;"Não";".";"Não se aplica.";"Não";NA;"Sim";"Nutricionista";"Parcialmente";NA;NA;"Sim, da EEx";"Não";NA;NA;"Refeitório";"Sim";NA;"Não";"Na cozinha da escola visitada";"Merendeira servidora";"Sim";"Não";"Sim";"Não";"Sim";"Parcialmente";"Não";"Parcialmente";"Não";"Parcialmente";"Sim";"Não";"Não";"Não";"Não";"Sim";"Sim";"Sim";"Não";"Sim";"Não";"Não se aplica";"Não";"Sim";"Não";"Não";"Em depósito localizado na escola, Em armários da cozinha";"Sim";"Sim";"Não";"Não";"Sim";"Sim";"Parcialmente";"Parcialmente";"Parcialmente";"Sim";"Freezers, Geladeiras/Congeladores";"Sim";"Sim";"Não";"Parcialmente";"Sim";"Sim";"Sim";"Sim";"Não";"Não";"Sim, restritos";"Primeiro que vence é o primeiro que sai - PVPS";"Sim";"Sim"
"49";"ID 50";"Rural";"Pública Municipal";"Não";"Pré-escola, Ensino Fundamental";NA;NA;NA;"Não";".";"Não se aplica.";"Não";NA;"Sim";"Nutricionista";"Totalmente";"Não se aplica";"Cozinha";"Sim, da EEx";"Não";"Não se aplica";"Não se aplica";"Refeitório";"Sim";"Não se aplica";"Não";"Na cozinha da escola visitada";"Merendeira servidora";"Não";"Sim";"Sim";"Não";"Sim";"Sim";"Sim";"Sim";"Não se aplica";"Sim";"Sim";"Não";"Não";"Não";"Sim";"Sim";"Não";"Sim";"Não";"Não";"Sim";"Não";"Não";"Não";"Não";"Não";"Em depósito localizado na escola";"Sim";"Não";"Não";"Não";"Não";"Sim";"Sim";"Não";"Não";"Não";"Freezers";"Sim";"Sim";"Não";"Sim";"Sim";"Sim";"Sim";"Sim";"Não";"Não";"Sim, restritos";"Primeiro que vence é o primeiro que sai - PVPS";"Sim";"Sim"
"50";"ID 51";"Rural";"Pública Municipal";"Não";"Ensino Fundamental";NA;NA;NA;"Não";".";"Não se aplica.";"Não";NA;"Sim";"Nutricionista";"Totalmente";"Não se aplica";"Cozinha";"Sim, da EEx";"Não";"Não se aplica";"Não se aplica";"Refeitório";"Sim";"Não se aplica";"Não";"Na cozinha da escola visitada";"Merendeira servidora";"Não";"Sim";"Sim";"Não";"Não";"Sim";"Sim";"Sim";"Não se aplica";"Sim";"Sim";"Não";"Não";"Não";"Sim";"Sim";"Sim";"Sim";"Não";"Não";"Sim";"Não";"Não";"Não";NA;"Não";"Em armários da cozinha";"Sim";"Não";"Não se aplica";"Não se aplica";"Não se aplica";"Não";"Sim";"Não";"Não";"Sim";"Freezers, Geladeiras/Congeladores";"Sim";"Sim";"Não";"Sim";"Sim";"Sim";"Sim";"Sim";"Não";"Sim";"Sim, restritos";"Primeiro que vence é o primeiro que sai - PVPS";"Sim";"Sim"
"51";"ID 52";"Rural";"Pública Municipal";"Não";"Pré-escola, Ensino Fundamental";NA;NA;NA;"Não";".";"Não";"Não";NA;"Sim";"Nutricionista";"Totalmente";"Não se aplica";"Cozinha";"Sim, da EEx";"Não";"Não se aplica";"Não se aplica";"Refeitório";"Não";"Não se aplica";"Não";"Na cozinha da escola visitada";"Merendeira servidora";"Não";"Sim";"Sim";"Não";"Sim";"Parcialmente";"Sim";"Sim";"Não se aplica";"Sim";"Sim";"Não";"Não";"Não";"Parcialmente";"Sim";"Sim";"Sim";"Não";"Não";"Não";"Não";"Não";"Não";"Não";"Não se aplica";"Em armários da cozinha";"Sim";"Não";"Não se aplica";"Não se aplica";"Sim";"Não";"Parcialmente";"Não";"Não";"Sim";"Freezers, Geladeiras/Congeladores";"Sim";"Sim";"Não";"Sim";"Sim";"Sim";"Sim";"Sim";"Não";"Não";"Sim, restritos";"Primeiro que vence é o primeiro que sai - PVPS";"Sim";"Sim"
"52";"ID 53";"Urbana";"Pública Estadual";"Não";"Ensino Fundamental, Ensino médio";NA;NA;NA;"Não";".";"Não se aplica.";"Não";NA;"Sim";"Nutricionista";"Totalmente";NA;"Refeitório, Cozinha";"Não";"Não";NA;NA;"Refeitório, Pátio da escola";"Sim";"Não se aplica";"Não";"Na cozinha da escola visitada";"Merendeira servidora, Merendeira contratada pela Entidade Executora";"Sim";"Não";"Sim";"Não";"Não";"Sim";"Sim";"Sim";"Não se aplica";"Sim";"Sim";"Não";"Não";"Não";"Sim";"Sim";"Sim";"Sim";"Não";"Sim";"Sim";"Sim";"Não";"Sim";"Sim";NA;"Em armários da cozinha";"Sim";"Não";"Não se aplica";"Não se aplica";"Não se aplica";"Não";"Sim";"Não";"Não";"Sim";"Freezers, Geladeiras/Congeladores";"Sim";"Sim";"Sim";"Não";"Sim";"Sim";"Sim";"Sim";"Não";"Não";"Sim, restritos";"Primeiro que vence é o primeiro que sai - PVPS";"Sim";"Sim"
"53";"ID 54";"Urbana";"Pública Municipal";"Não";"Creche, Escola em tempo Integral";"Sim";"Sim";"Sim";"Sim";"Intolerância à Lactose";"Sim";"Não";NA;"Sim";"Nutricionista";"Totalmente";"Não se aplica";"Cozinha";"Sim, da EEx";"Não";"Não se aplica";"Não se aplica";"Refeitório, Sala de Aula";"Sim";"Não se aplica";"Não";"Na cozinha da escola visitada";"Merendeira servidora";"Não";"Sim";"Parcialmente";"Sim";"Sim";"Parcialmente";"Parcialmente";"Parcialmente";"Não se aplica";"Parcialmente";"Parcialmente";"Não";"Não";"Não";"Sim";"Sim";"Sim";"Sim";"Não";"Sim";NA;"Sim";"Sim";"Não";"Sim";"Sim";"Em depósito localizado na escola, Em armários da cozinha";"Não";"Não";"Não";"Não";"Não";"Parcialmente";"Sim";"Não";"Não";"Parcialmente";"Freezers, Geladeiras/Congeladores";"Não";"Sim";"Não";"Não";"Sim";"Sim";"Sim";"Sim";"Não";"Sim";"Sim, proibidos";"Primeiro que vence é o primeiro que sai - PVPS";"Sim";"Sim"
"54";"ID 55";"Rural";"Pública Municipal";"Não";"Pré-escola, Ensino Fundamental, AEE – Atendimento Educacional Especializado";NA;NA;NA;NA;"Intolerância à Lactose";"Sim";"Não";NA;"Sim";"Nutricionista";"Totalmente";"Não se aplica";"Refeitório";"Sim, da EEx";"Não";"Não se aplica";"Não se aplica";"Refeitório";"Sim";"Não se aplica";"Não";"Na cozinha da escola visitada";"Merendeira servidora";"Não";"Sim";"Parcialmente";"Sim";"Sim";"Sim";"Sim";"Sim";"Não se aplica";"Sim";"Sim";"Não";"Parcialmente";"Não";"Sim";"Não";"Sim";"Sim";"Não";"Não";"Sim";"Sim";"Não";"Sim";"Sim";"Não se aplica";"Em depósito localizado na escola";"Sim";"Parcialmente";"Não";"Não";"Não";"Não";"Não";"Parcialmente";"Não";"Parcialmente";"Câmara fria, Freezers, Geladeiras/Congeladores";"Não";"Sim";"Não";"Sim";"Sim";"Sim";"Sim";"Sim";"Não";"Sim";"Sim, proibidos";"Primeiro que vence é o primeiro que sai - PVPS";"Sim";"Sim"
"55";"ID 56";"Urbana";"Pública Municipal";"Não";"Pré-escola, Ensino Fundamental, AEE – Atendimento Educacional Especializado";NA;NA;NA;"Sim";"Diabetes mellitus, Intolerância à Lactose";"Sim";"Não";NA;"Sim";"Nutricionista";"Totalmente";NA;"Refeitório, Cozinha, Sala da direção da escola, Mural da escola, cópia para os pais";"Sim, da EEx";"Não";NA;NA;"Refeitório";"Sim";NA;"Sim, na escola, Sim, na cercanias";"Na cozinha da escola visitada";"Merendeira contratada pela Entidade Executora";"Não";"Parcialmente";"Parcialmente";"Não";"Sim";"Sim";"Parcialmente";"Parcialmente";"Não";"Parcialmente";"Parcialmente";"Não";"Não";"Não";"Sim";"Sim";"Sim";"Sim";"Não";"Sim";"Não";"Não se aplica";"Não";"Sim";"Sim";"Não se aplica";"Em armários da cozinha";"Sim";"Sim";"Não se aplica";"Não se aplica";"Não";"Não";"Parcialmente";"Parcialmente";"Não";"Sim";"Freezers, Geladeiras/Congeladores";"Não";"Parcialmente";"Não";"Não";"Sim";"Sim";"Sim";"Sim";"Não";"Sim";"Sim, restritos";"Primeiro que vence é o primeiro que sai - PVPS";"Sim";"Sim"
"56";"ID 57";"Urbana";"Pública Municipal";"Não";"Pré-escola, Ensino Fundamental, AEE – Atendimento Educacional Especializado";NA;NA;NA;"Não";".";"Não";"Não";NA;"Sim";"Nutricionista";NA;NA;"Refeitório, Cozinha, Mural da escola";"Sim, da EEx";"Não";NA;NA;"Refeitório";"Sim";NA;"Não";"Na cozinha da escola visitada";"Merendeira contratada pela Entidade Executora";"Não";"Parcialmente";"Parcialmente";"Não";"Sim";"Sim";"Sim";"Sim";"Não";"Sim";"Não";"Não";"Não";"Não";"Não";"Sim";"Sim";"Sim";"Não";"Sim";"Sim";"Sim";"Não";"Sim";"Sim";"Não se aplica";"Em armários da cozinha, Latão de lixo plástico lavável";"Sim";"Não";"Não se aplica";"Não se aplica";"Não";"Não";"Parcialmente";"Não";"Não";"Sim";"Freezers, Geladeiras/Congeladores";"Não";"Sim";"Não";"Sim";"Sim";"Sim";"Sim";"Sim";"Não";"Sim";"Sim, restritos";"Primeiro que vence é o primeiro que sai - PVPS";"Sim";"Sim"
"57";"ID 58";"Urbana";"Pública Municipal";"Não";"Creche, Pré-escola";NA;NA;NA;"Sim";"Dificuldade na deglutição";"Sim";"Não";NA;"Sim";"Nutricionista";"Totalmente";NA;"Cozinha, Mural da escola";"Sim, da EEx";NA;NA;NA;"Refeitório";"Sim";NA;"Não";"Na cozinha da escola visitada";"Merendeira servidora, Merendeira contratada pela Entidade Executora";"Não";"Não";"Parcialmente";"Não";"Sim";"Sim";"Sim";"Sim";"Não";"Parcialmente";"Parcialmente";"Não";"Não";"Sim";"Parcialmente";"Sim";"Sim";"Sim";"Não";"Sim";"Sim";NA;"Sim";"Sim";"Sim";"Não se aplica";"Em depósito localizado na escola";"Sim";"Sim";"Não";"Não";"Não";"Não";"Sim";"Não";"Não";"Sim";"Freezers, Geladeiras/Congeladores";"Parcialmente";"Sim";"Não";"Não";"Sim";"Sim";"Sim";"Sim";"Não";"Não";"Sim, restritos";"Primeiro que vence é o primeiro que sai - PVPS";"Sim";"Sim"
"58";"ID 59";"Rural";"Pública Municipal";"Não";"Pré-escola, Ensino Fundamental";NA;NA;NA;"Não";".";"Não se aplica.";"Não";NA;"Sim";"Nutricionista";"Totalmente";"Não se aplica";"Cozinha";"Sim, da EEx";"Não";"Não se aplica";"Não se aplica";"Refeitório";NA;"Não se aplica";"Não";"Na cozinha da escola visitada";"Merendeira servidora";"Sim";"Sim";"Parcialmente";"Não";"Sim";"Sim";"Sim";"Sim";"Não se aplica";"Sim";"Sim";"Não";"Sim";"Não";"Parcialmente";"Sim";"Sim";"Sim";"Não";"Não";"Não se aplica";"Não";"Não se aplica";"Não";"Sim";"Sim";"Em armários da cozinha";"Sim";"Não";"Não se aplica";"Não se aplica";"Não";"Não";NA;NA;NA;NA;"Freezers, Geladeiras/Congeladores";"Sim";"Sim";"Não";"Não";"Sim";"Sim";"Sim";"Sim";"Sim";"Não";"Não";"Primeiro que vence é o primeiro que sai - PVPS";"Não";"Sim"
"59";"ID 60";"Urbana";"Pública Municipal";"Não";"Creche, Pré-escola";NA;NA;NA;"Sim";"Intolerância à Lactose";"Sim";"Sim";NA;"Sim";"Nutricionista";"Totalmente";"Não se aplica";"Cozinha";"Sim, da EEx";"Não";"Não se aplica";"Não se aplica";"Refeitório, Sala de Aula";"Sim";"Não se aplica";"Não";"Na cozinha da escola visitada";"Merendeira servidora";"Sim";"Sim";"Parcialmente";"Não";"Sim";"Sim";"Sim";"Sim";"Não se aplica";"Sim";"Sim";"Não";"Sim";"Não";"Parcialmente";"Sim";"Sim";"Sim";"Não";"Sim";"Não se aplica";"Não";"Não";"Não";"Sim";"Sim";"Em armários da cozinha";"Sim";"Não";"Não se aplica";"Não se aplica";"Não";"Não";"Sim";"Não";NA;NA;"Freezers, Geladeiras/Congeladores";"Sim";"Sim";"Não";"Não";"Sim";"Sim";"Sim";"Sim";"Sim";"Não";"Sim, restritos";"Primeiro que vence é o primeiro que sai - PVPS";"Não";"Sim"
"60";"ID 61";"Urbana";"Pública Estadual";"Não";"Ensino Fundamental, Ensino médio";NA;NA;NA;"Não";".";"Não se aplica.";"Não";NA;"Sim";"Nutricionista";"Totalmente";"Não se aplica";"Cozinha";"Não";"Não";"Não se aplica";"Não se aplica";"Refeitório";"Sim";"Não se aplica";"Não";"Na cozinha da escola visitada";"Merendeira servidora, Merendeira contratada pela Entidade Executora";"Sim";"Sim";"Sim";"Não";"Sim";"Sim";"Sim";"Sim";"Não se aplica";"Sim";"Sim";"Não";"Não";"Não";"Sim";"Sim";"Sim";"Sim";"Não";"Sim";"Não se aplica";"Sim";"Não";"Não";"Não";"Não se aplica";"Em armários da cozinha";"Sim";"Sim";"Não se aplica";"Não";"Não se aplica";"Não";"Sim";"Não";"Não";"Sim";"Câmara fria, Freezers, Geladeiras/Congeladores";"Sim";"Parcialmente";"Não";"Não";"Sim";"Sim";"Sim";"Sim";"Não";"Sim";"Sim, restritos";"Primeiro que entra é o primeiro que sai - PEPS";"Sim";"Sim"
"61";"ID 62";"Rural";"Pública Municipal";"Não";"Pré-escola, Ensino Fundamental";NA;NA;NA;"Não";".";"Não";"Não";NA;"Sim";"Nutricionista";"Totalmente";NA;"Refeitório, Mural da escola";"Sim, da EEx";"Não";"Não se aplica";"Não se aplica";"Refeitório";"Sim";"Não se aplica";"Não";"Na cozinha da escola visitada";"Merendeira contratada pela Entidade Executora";"Não";"Sim";"Parcialmente";"Não";"Sim";"Sim";"Sim";"Sim";"Não se aplica";"Sim";"Sim";"Não";"Parcialmente";"Não";"Parcialmente";"Sim";"Sim";"Sim";"Não";"Sim";"Não se aplica";"Sim";"Não";"Não";"Sim";"Sim";"Em armários da cozinha";"Sim";"Não";"Não se aplica";"Não se aplica";"Não se aplica";"Não";"Sim";"Não";"Sim";"Sim";"Freezers, Geladeiras/Congeladores";"Não";"Sim";"Não";"Não";"Sim";"Sim";"Sim";"Sim";"Não";"Não";"Sim, restritos";"Primeiro que vence é o primeiro que sai - PVPS";"Sim";"Sim"
"62";"ID 63";"Urbana";"Pública Municipal";"Não";"Ensino Fundamental, Escola em tempo Integral";"Sim";"Sim";"Sim";"Não";".";"Não";"Não";NA;"Sim";"Nutricionista";"Totalmente";NA;"Refeitório, Cozinha";"Sim, da EEx";"Não";NA;NA;"Refeitório";"Sim";"Não se aplica";"Não";"Na cozinha da escola visitada";"Merendeira contratada pela Entidade Executora";"Não";"Sim";"Parcialmente";"Não";"Parcialmente";"Sim";"Sim";"Sim";"Não se aplica";"Sim";"Sim";"Parcialmente";"Não";"Não";"Parcialmente";"Sim";"Sim";"Sim";"Não";"Sim";"Não se aplica";"Não";"Não se aplica";"Não";"Sim";"Sim";"Em depósito localizado na escola";"Sim";"Sim";"Sim";"Não";"Não";"Não";"Não";"Não";"Sim";"Sim";"Freezers, Geladeiras/Congeladores";"Sim";"Sim";"Não";"Sim";"Sim";"Sim";"Sim";"Sim";"Não";"Sim";"Sim, restritos";"Primeiro que vence é o primeiro que sai - PVPS";"Sim";"Sim"
"63";"ID 64";"Urbana";"Pública Municipal";"Não";"Creche, Pré-escola";NA;NA;NA;"Sim";"Intolerância à Lactose";"Sim";"Não";NA;"Sim";"Nutricionista";"Totalmente";NA;"Refeitório, Cozinha, Mural da escola";"Sim, da EEx";"Não";"Não se aplica";"Não se aplica";"Refeitório, Sala de Aula";"Sim";"Não se aplica";"Não";"Na cozinha da escola visitada";"Merendeira servidora, Merendeira contratada pela Entidade Executora";"Não";"Sim";"Parcialmente";"Não";"Sim";"Sim";"Sim";"Sim";"Não";"Sim";"Sim";"Não";"Não";"Sim";"Sim";"Sim";"Sim";"Sim";"Não";"Sim";"Não se aplica";"Sim";"Não";"Sim";"Sim";"Sim";"Em depósito localizado na escola";"Sim";"Sim";"Não";"Não";"Sim";"Não";"Sim";"Não";"Sim";"Sim";"Freezers, Geladeiras/Congeladores";"Sim";"Sim";"Não";"Não";"Sim";"Sim";"Sim";"Sim";"Não";"Não";"Sim, restritos";"Primeiro que vence é o primeiro que sai - PVPS";"Sim";"Sim"
"64";"ID 65";"Urbana";"Pública Estadual";"Não";"Pré-escola, Ensino Fundamental, Ensino médio";NA;NA;NA;"Não";".";"Não";"Não";NA;"Sim";"Nutricionista";"Totalmente";NA;"Cozinha, Mural da escola";"Sim, da EEx";"Não";NA;NA;"Refeitório";"Sim";NA;"Sim, na escola";"Na cozinha da escola visitada";"Merendeira servidora, Merendeira contratada pela Entidade Executora";"Não";"Sim";"Parcialmente";"Não";"Não";"Sim";"Sim";"Sim";"Não se aplica";"Sim";"Sim";"Não";"Não";"Sim";"Sim";"Sim";"Sim";"Sim";"Não";"Sim";"Não se aplica";"Não";"Não se aplica";"Não";"Não";"Não";"Em armários da cozinha";"Sim";"Não";NA;"Não";"Não";"Não";"Parcialmente";"Não";"Parcialmente";"Parcialmente";"Freezers, Geladeiras/Congeladores";"Sim";"Sim";"Não";"Não";"Sim";"Sim";"Sim";"Sim";"Não";"Sim";"Sim, restritos";"Primeiro que vence é o primeiro que sai - PVPS";"Sim";"Sim"
"65";"ID 66";"Rural";"Pública Municipal";"Não";"Pré-escola, Ensino Fundamental";NA;NA;NA;"Não";".";"Não";"Não";NA;"Sim";"Nutricionista";"Totalmente";"Não se aplica";"Cozinha, na agenda dos alunos";"Sim, da EEx";"Não";"Não se aplica";"Não se aplica";"Sala de Aula";"Sim";"Não se aplica";NA;"Na cozinha da escola visitada";"Merendeira servidora";"Sim";"Sim";"Parcialmente";"Não";"Não";"Sim";"Sim";"Sim";"Não se aplica";"Sim";"Sim";"Parcialmente";"Parcialmente";"Parcialmente";"Sim";"Sim";"Sim";"Sim";"Não";"Sim";"Não se aplica";"Sim";"Sim";"Não";"Sim";"Sim";"Em armários da cozinha";"Sim";"Não";"Não se aplica";"Não se aplica";"Não se aplica";"Não";"Não";"Sim";"Sim";"Sim";"Geladeiras/Congeladores";"Sim";"Sim";"Não";"Não";"Sim";"Sim";"Sim";"Sim";"Não";"Não";"Sim, restritos";"Primeiro que vence é o primeiro que sai - PVPS";"Sim";"Sim"
"66";"ID 67";"Urbana";"Pública Municipal";"Não";"Creche, Pré-escola";"Sim";"Sim";"Sim";"Sim";"Intolerância à Lactose";"Sim";"Não";NA;"Sim";"Nutricionista";"Totalmente";"Não se aplica";"Refeitório, Mural da escola";"Sim, da EEx";"Não";"Não se aplica";"Não se aplica";"Refeitório";"Sim";"Não se aplica";"Não";"Na cozinha da escola visitada";"Merendeira contratada por empresa prestadora de serviços";"Não";"Sim";"Parcialmente";"Sim";"Sim";"Sim";"Sim";"Sim";"Não se aplica";"Sim";"Sim";"Não";"Não";"Sim";NA;"Sim";"Sim";"Sim";"Não";"Sim";"Não se aplica";"Sim";"Sim";"Sim";"Sim";"Sim";"Em depósito localizado na escola";"Sim";"Não";"Não";"Não se aplica";"Não";"Não";"Sim";"Sim";"Sim";"Sim";"Freezers, Geladeiras/Congeladores";"Sim";"Sim";"Não";"Não";"Sim";"Sim";"Sim";"Sim";"Não";"Não";"Sim, restritos";"Primeiro que vence é o primeiro que sai - PVPS";"Sim";"Sim"
"67";"ID 68";"Urbana";"Pública Estadual";"Não";"Ensino Fundamental, Ensino médio";NA;NA;NA;"Não";".";"Não";"Não";NA;"Sim";"Nutricionista";"Totalmente";"Não se aplica";"Refeitório";"Não";"Sim";"Sim";"Sim";"Refeitório";NA;"Não se aplica";"Sim, na cercanias";"Na cozinha da escola visitada";"Merendeira servidora, Merendeira contratada pela Entidade Executora";"Não";"Sim";"Parcialmente";"Não";"Não";"Sim";"Sim";"Sim";"Não se aplica";"Sim";"Sim";"Não";"Não";"Não";"Sim";"Sim";"Sim";"Sim";"Não";"Sim";"Não se aplica";"Sim";NA;"Não";NA;NA;"Em armários da cozinha";"Sim";"Não";"Não se aplica";"Não se aplica";"Não se aplica";"Não";"Não";"Não";"Sim";"Sim";"Freezers, Geladeiras/Congeladores";"Parcialmente";"Parcialmente";"Não";"Sim";"Sim";"Sim";"Sim";"Sim";"Não";"Sim";"Sim, restritos";"Primeiro que vence é o primeiro que sai - PVPS";"Sim";"Sim"
"68";"ID 69";"Urbana";"Pública Municipal";"Não";"Ensino Fundamental, Escola em tempo Integral";NA;NA;NA;"Não";".";"Não se aplica.";"Não";NA;"Sim";"Nutricionista";"Totalmente";"Não se aplica";"Cozinha";"Sim, da EEx";"Sim";"Sim";"Sim";"Refeitório, Sala de Aula, Pátio da escola";"Não";"Não se aplica";"Não";"Na cozinha da escola visitada";"Merendeira servidora, Merendeira contratada pela Entidade Executora";"Sim";"Sim";"Parcialmente";"Não";"Sim";"Sim";"Sim";"Sim";"Não se aplica";"Sim";"Sim";"Não";"Não";"Não";"Sim";"Sim";"Sim";"Sim";"Não";"Sim";NA;"Sim";"Sim";"Sim";"Sim";"Sim";"Em armários da cozinha";"Sim";"Não";"Não se aplica";"Não se aplica";"Não se aplica";"Não";"Sim";"Não";"Sim";"Parcialmente";"Freezers, Geladeiras/Congeladores";"Sim";"Sim";"Não";"Não";"Sim";"Sim";"Sim";"Sim";"Sim";"Sim";"Sim, restritos";"Primeiro que vence é o primeiro que sai - PVPS";"Sim";"Não"
"69";"ID 70";"Urbana";"Pública Municipal";"Não";"Creche, Pré-escola";NA;NA;NA;"Não";".";"Não";"Não";NA;"Sim";"Nutricionista";"Totalmente";"Não se aplica";"Cozinha, envio para os pais";"Sim, da EEx";"Sim";"Sim";"Sim";"Refeitório, Sala de Aula";"Sim";"Não se aplica";"Não";"Na cozinha da escola visitada";"Merendeira servidora, Merendeira contratada pela Entidade Executora";"Sim";"Sim";"Parcialmente";"Não";"Não";"Sim";"Sim";"Sim";"Não";"Sim";"Sim";"Não";"Não";"Não";"Parcialmente";"Sim";"Sim";"Sim";"Não";"Sim";NA;"Não";"Não se aplica";"Sim";"Sim";"Sim";"Em depósito localizado na escola";"Sim";"Sim";"Não";"Não";"Não";"Não";"Sim";"Não";"Não";"Sim";"Freezers, Geladeiras/Congeladores";"Sim";"Sim";"Não";"Não";"Sim";"Sim";"Sim";"Sim";"Não";"Não";"Sim, restritos";"Primeiro que vence é o primeiro que sai - PVPS";"Sim";"Sim"
"70";"ID 71";"Rural";"Pública Municipal";"Não";"Pré-escola, Ensino Fundamental";NA;NA;NA;"Não";".";"Não se aplica.";"Não";NA;"Sim";"Nutricionista";"Totalmente";"Não se aplica";"Refeitório, Mural da escola";"Sim, da EEx";"Não";"Não se aplica";"Não se aplica";"Refeitório, Pátio da escola";"Não";"Não se aplica";"Não";"Na cozinha da escola visitada";"Merendeira servidora";"Sim";"Sim";"Parcialmente";"Não";"Sim";"Sim";"Sim";"Sim";"Não se aplica";"Sim";"Parcialmente";"Não";"Não";"Não";"Sim";"Sim";"Sim";"Sim";"Não";"Sim";NA;"Sim";"Sim";"Não";"Sim";"Sim";"Em armários da cozinha";"Sim";"Não";"Não se aplica";"Não se aplica";"Não se aplica";"Não";"Parcialmente";"Não";"Não";"Sim";"Freezers, Geladeiras/Congeladores";"Sim";"Sim";"Não";"Não";"Sim";"Sim";"Sim";"Sim";"Sim";"Sim";"Sim, restritos";"Primeiro que vence é o primeiro que sai - PVPS";"Sim";"Não"
